WindowStart,WindowEnd,Event,Count,DepressionRate,NBERRate,Crash90,Win180
1962-01-01,1966-12-31,FLASH_MOVE,1,0.0,0.0,0.0,100.0
1962-01-01,1966-12-31,BOND_FREEZE,133,0.0,0.0,36.84210526315789,45.86466165413533
1963-01-01,1967-12-31,BOND_FREEZE,145,0.0,0.0,41.37931034482759,50.3448275862069
1964-01-01,1968-12-31,BOND_FREEZE,132,0.0,0.0,56.81818181818182,32.57575757575758
1965-01-01,1969-12-31,BOND_FREEZE,189,0.0,33.86243386243386,71.95767195767195,19.047619047619047
1966-01-01,1970-12-31,BOND_FREEZE,133,0.0,48.87218045112782,85.71428571428571,21.052631578947366
1966-01-01,1970-12-31,LABOUR_SHOCK,37,0.0,100.0,67.56756756756756,45.94594594594595
1966-01-01,1970-12-31,FLASH_MOVE,1,0.0,100.0,0.0,100.0
1967-01-01,1971-12-31,BOND_FREEZE,96,0.0,67.70833333333334,90.625,15.625
1967-01-01,1971-12-31,LABOUR_SHOCK,44,0.0,84.0909090909091,56.81818181818182,54.54545454545454
1967-01-01,1971-12-31,FLASH_MOVE,1,0.0,100.0,0.0,100.0
1967-01-01,1971-12-31,EM_CURRENCY_STRESS,249,0.0,0.0,41.365461847389554,74.69879518072288
1968-01-01,1972-12-31,BOND_FREEZE,105,0.0,61.904761904761905,72.38095238095238,3.8095238095238098
1968-01-01,1972-12-31,LABOUR_SHOCK,52,0.0,71.15384615384616,48.07692307692308,61.53846153846154
1968-01-01,1972-12-31,FLASH_MOVE,1,0.0,100.0,0.0,100.0
1968-01-01,1972-12-31,EM_CURRENCY_STRESS,252,0.0,1.1904761904761905,42.06349206349206,73.80952380952381
1969-01-01,1973-12-31,BOND_FREEZE,139,0.0,84.89208633093526,72.66187050359713,1.4388489208633095
1969-01-01,1973-12-31,LABOUR_SHOCK,56,0.0,73.21428571428571,51.78571428571429,57.14285714285714
1969-01-01,1973-12-31,FLASH_MOVE,1,0.0,100.0,0.0,100.0
1969-01-01,1973-12-31,EM_CURRENCY_STRESS,265,0.0,6.037735849056604,44.905660377358494,70.18867924528301
1970-01-01,1974-12-31,LABOUR_SHOCK,133,0.0,88.7218045112782,39.849624060150376,63.90977443609023
1970-01-01,1974-12-31,BOND_FREEZE,106,0.0,80.18867924528303,65.09433962264151,14.150943396226415
1970-01-01,1974-12-31,FLASH_MOVE,1,0.0,100.0,0.0,100.0
1970-01-01,1974-12-31,EM_CURRENCY_STRESS,272,0.0,8.455882352941178,46.32352941176471,68.38235294117648
1971-01-01,1975-12-31,EM_CURRENCY_STRESS,297,0.0,7.744107744107744,42.42424242424242,71.04377104377105
1971-01-01,1975-12-31,LABOUR_SHOCK,96,0.0,84.375,29.166666666666668,70.83333333333334
1971-01-01,1975-12-31,BOND_FREEZE,111,0.0,75.67567567567568,62.16216216216216,18.01801801801802
1972-01-01,1976-12-31,LABOUR_SHOCK,89,0.0,91.01123595505618,31.46067415730337,68.53932584269663
1972-01-01,1976-12-31,BOND_FREEZE,111,0.0,75.67567567567568,62.16216216216216,18.01801801801802
1972-01-01,1976-12-31,EM_CURRENCY_STRESS,51,0.0,45.09803921568628,45.09803921568628,54.90196078431373
1973-01-01,1977-12-31,EM_CURRENCY_STRESS,48,0.0,41.66666666666667,41.66666666666667,58.333333333333336
1973-01-01,1977-12-31,BOND_FREEZE,98,0.0,85.71428571428571,70.40816326530613,27.55102040816326
1973-01-01,1977-12-31,LABOUR_SHOCK,92,0.0,88.04347826086956,36.95652173913043,57.608695652173914
1974-01-01,1978-12-31,LABOUR_SHOCK,88,0.0,87.5,34.090909090909086,60.22727272727273
1974-01-01,1978-12-31,EM_CURRENCY_STRESS,35,0.0,20.0,20.0,80.0
1974-01-01,1978-12-31,BOND_FREEZE,97,0.0,31.958762886597935,36.08247422680412,81.44329896907216
1975-01-01,1979-12-31,BOND_FREEZE,87,0.0,21.839080459770116,6.896551724137931,100.0
1975-01-01,1979-12-31,EM_CURRENCY_STRESS,28,0.0,0.0,0.0,100.0
1975-01-01,1979-12-31,LABOUR_SHOCK,21,0.0,47.61904761904761,28.57142857142857,47.61904761904761
1976-01-01,1980-12-31,EM_CURRENCY_STRESS,26,0.0,88.46153846153845,0.0,84.61538461538461
1976-01-01,1980-12-31,LABOUR_SHOCK,65,0.0,83.07692307692308,9.230769230769232,83.07692307692308
1976-01-01,1980-12-31,BOND_FREEZE,106,0.0,41.509433962264154,20.754716981132077,99.05660377358491
1976-01-01,1980-12-31,FLASH_MOVE,2,0.0,100.0,0.0,100.0
1976-01-01,1980-12-31,HOUSING_BUST,64,0.0,100.0,0.0,100.0
1977-01-01,1981-12-31,LABOUR_SHOCK,83,0.0,86.74698795180723,28.915662650602407,65.06024096385542
1977-01-01,1981-12-31,BOND_FREEZE,118,1.694915254237288,47.45762711864407,28.8135593220339,88.98305084745762
1977-01-01,1981-12-31,FLASH_MOVE,2,0.0,100.0,0.0,100.0
1977-01-01,1981-12-31,HOUSING_BUST,204,11.76470588235294,100.0,65.19607843137256,32.84313725490196
1977-01-01,1981-12-31,EM_CURRENCY_STRESS,159,47.16981132075472,100.0,71.69811320754717,11.949685534591195
1978-01-01,1982-12-31,BOND_FREEZE,110,1.8181818181818181,50.90909090909091,30.909090909090907,88.18181818181819
1978-01-01,1982-12-31,LABOUR_SHOCK,77,0.0,100.0,23.376623376623375,76.62337662337663
1978-01-01,1982-12-31,FLASH_MOVE,3,0.0,100.0,0.0,100.0
1978-01-01,1982-12-31,HOUSING_BUST,243,9.876543209876543,100.0,70.78189300411523,43.20987654320987
1978-01-01,1982-12-31,EM_CURRENCY_STRESS,173,43.35260115606936,100.0,65.89595375722543,19.07514450867052
1979-01-01,1983-12-31,BOND_FREEZE,58,3.4482758620689653,96.55172413793103,48.275862068965516,77.58620689655173
1979-01-01,1983-12-31,LABOUR_SHOCK,77,0.0,100.0,23.376623376623375,76.62337662337663
1979-01-01,1983-12-31,FLASH_MOVE,3,0.0,100.0,0.0,100.0
1979-01-01,1983-12-31,HOUSING_BUST,243,9.876543209876543,100.0,70.78189300411523,43.20987654320987
1979-01-01,1983-12-31,EM_CURRENCY_STRESS,243,30.864197530864196,71.19341563786008,65.4320987654321,20.16460905349794
1980-01-01,1984-12-31,BOND_FREEZE,58,3.4482758620689653,63.793103448275865,48.275862068965516,77.58620689655173
1980-01-01,1984-12-31,FLASH_MOVE,3,0.0,100.0,0.0,100.0
1980-01-01,1984-12-31,HOUSING_BUST,243,9.876543209876543,100.0,70.78189300411523,43.20987654320987
1980-01-01,1984-12-31,EM_CURRENCY_STRESS,323,23.219814241486066,53.56037151702786,56.656346749226,34.984520123839005
1980-01-01,1984-12-31,LABOUR_SHOCK,86,0.0,77.90697674418605,24.418604651162788,79.06976744186046
1981-01-01,1985-12-31,EM_CURRENCY_STRESS,300,25.0,50.0,61.0,31.333333333333336
1981-01-01,1985-12-31,BOND_FREEZE,33,6.0606060606060606,36.36363636363637,36.36363636363637,63.63636363636363
1981-01-01,1985-12-31,HOUSING_BUST,179,13.40782122905028,100.0,96.08938547486034,22.905027932960895
1981-01-01,1985-12-31,LABOUR_SHOCK,42,0.0,54.761904761904766,50.0,57.14285714285714
1981-01-01,1985-12-31,FLASH_MOVE,1,0.0,100.0,0.0,100.0
1982-01-01,1986-12-31,HOUSING_BUST,39,0.0,100.0,100.0,97.43589743589743
1982-01-01,1986-12-31,EM_CURRENCY_STRESS,164,0.0,8.536585365853659,42.073170731707314,57.3170731707317
1982-01-01,1986-12-31,LABOUR_SHOCK,26,0.0,19.230769230769234,19.230769230769234,100.0
1982-01-01,1986-12-31,FLASH_MOVE,1,0.0,100.0,0.0,100.0
1982-01-01,1986-12-31,BOND_FREEZE,21,0.0,0.0,0.0,100.0
1983-01-01,1987-12-31,EM_CURRENCY_STRESS,150,0.0,0.0,46.0,53.333333333333336
1983-01-01,1987-12-31,BOND_FREEZE,57,0.0,0.0,35.08771929824561,38.59649122807017
1983-01-01,1987-12-31,LABOUR_SHOCK,21,0.0,0.0,23.809523809523807,100.0
1983-01-01,1987-12-31,FLASH_MOVE,5,0.0,0.0,20.0,80.0
1984-01-01,1988-12-31,EM_CURRENCY_STRESS,98,0.0,0.0,24.489795918367346,83.6734693877551
1984-01-01,1988-12-31,BOND_FREEZE,57,0.0,0.0,35.08771929824561,38.59649122807017
1984-01-01,1988-12-31,LABOUR_SHOCK,22,0.0,0.0,22.727272727272727,100.0
1984-01-01,1988-12-31,FLASH_MOVE,6,0.0,0.0,16.666666666666664,83.33333333333334
1985-01-01,1989-12-31,LABOUR_SHOCK,11,0.0,72.72727272727273,90.9090909090909,100.0
1985-01-01,1989-12-31,BOND_FREEZE,36,0.0,0.0,55.55555555555556,2.7777777777777777
1985-01-01,1989-12-31,FLASH_MOVE,7,0.0,14.285714285714285,28.57142857142857,85.71428571428571
1985-01-01,1989-12-31,EM_CURRENCY_STRESS,21,0.0,0.0,0.0,100.0
1986-01-01,1990-12-31,LABOUR_SHOCK,63,0.0,95.23809523809523,30.158730158730158,100.0
1986-01-01,1990-12-31,BOND_FREEZE,47,0.0,23.404255319148938,65.95744680851064,2.127659574468085
1986-01-01,1990-12-31,FLASH_MOVE,102,0.0,94.11764705882352,43.13725490196079,55.88235294117647
1986-01-01,1990-12-31,EM_CURRENCY_STRESS,21,0.0,0.0,0.0,100.0
1986-01-01,1990-12-31,HOUSING_BUST,43,0.0,100.0,76.74418604651163,41.86046511627907
1987-01-01,1991-12-31,BOND_FREEZE,47,0.0,23.404255319148938,65.95744680851064,2.127659574468085
1987-01-01,1991-12-31,FLASH_MOVE,177,0.0,65.5367231638418,27.683615819209038,74.01129943502825
1987-01-01,1991-12-31,LABOUR_SHOCK,61,0.0,98.36065573770492,27.86885245901639,100.0
1987-01-01,1991-12-31,EM_CURRENCY_STRESS,34,0.0,0.0,0.0,100.0
1987-01-01,1991-12-31,HOUSING_BUST,43,0.0,100.0,76.74418604651163,41.86046511627907
1988-01-01,1992-12-31,FLASH_MOVE,232,0.0,50.0,24.568965517241377,78.87931034482759
1988-01-01,1992-12-31,LABOUR_SHOCK,61,0.0,98.36065573770492,27.86885245901639,100.0
1988-01-01,1992-12-31,EM_CURRENCY_STRESS,34,0.0,0.0,0.0,100.0
1988-01-01,1992-12-31,BOND_FREEZE,11,0.0,100.0,100.0,0.0
1988-01-01,1992-12-31,HOUSING_BUST,43,0.0,100.0,76.74418604651163,41.86046511627907
1988-01-01,1992-12-31,SUGAR_CRASH,8,0.0,0.0,12.5,100.0
1989-01-01,1993-12-31,EM_CURRENCY_STRESS,16,0.0,0.0,0.0,100.0
1989-01-01,1993-12-31,FLASH_MOVE,294,0.0,39.455782312925166,24.489795918367346,77.21088435374149
1989-01-01,1993-12-31,LABOUR_SHOCK,60,0.0,100.0,28.333333333333332,100.0
1989-01-01,1993-12-31,BOND_FREEZE,11,0.0,100.0,100.0,0.0
1989-01-01,1993-12-31,HOUSING_BUST,43,0.0,100.0,76.74418604651163,41.86046511627907
1989-01-01,1993-12-31,SUGAR_CRASH,20,0.0,0.0,30.0,80.0
1990-01-01,1994-12-31,FLASH_MOVE,388,0.0,29.63917525773196,29.381443298969074,75.77319587628865
1990-01-01,1994-12-31,BOND_FREEZE,32,0.0,34.375,75.0,31.25
1990-01-01,1994-12-31,HOUSING_BUST,43,0.0,100.0,76.74418604651163,41.86046511627907
1990-01-01,1994-12-31,LABOUR_SHOCK,52,0.0,100.0,17.307692307692307,100.0
1990-01-01,1994-12-31,EM_CURRENCY_STRESS,21,0.0,0.0,38.095238095238095,76.19047619047619
1990-01-01,1994-12-31,SUGAR_CRASH,29,0.0,0.0,48.275862068965516,72.41379310344827
1990-01-01,1994-12-31,TEMPORAL_CRISIS,44,0.0,0.0,100.0,22.727272727272727
1991-01-01,1995-12-31,FLASH_MOVE,355,0.0,5.633802816901409,20.281690140845072,85.91549295774648
1991-01-01,1995-12-31,EM_CURRENCY_STRESS,21,0.0,0.0,38.095238095238095,76.19047619047619
1991-01-01,1995-12-31,SUGAR_CRASH,102,0.0,0.0,13.725490196078432,92.15686274509804
1991-01-01,1995-12-31,TEMPORAL_CRISIS,44,0.0,0.0,100.0,22.727272727272727
1991-01-01,1995-12-31,BOND_FREEZE,21,0.0,0.0,61.904761904761905,47.61904761904761
1991-01-01,1995-12-31,LABOUR_SHOCK,26,0.0,0.0,0.0,100.0
1991-01-01,1995-12-31,DEPRESSION_WATCH,46,0.0,0.0,0.0,100.0
1992-01-01,1996-12-31,FLASH_MOVE,357,0.0,0.0,19.88795518207283,86.27450980392157
1992-01-01,1996-12-31,SUGAR_CRASH,103,0.0,0.0,13.592233009708737,92.23300970873787
1992-01-01,1996-12-31,EM_CURRENCY_STRESS,53,0.0,0.0,18.867924528301888,90.56603773584906
1992-01-01,1996-12-31,TEMPORAL_CRISIS,44,0.0,0.0,100.0,22.727272727272727
1992-01-01,1996-12-31,BOND_FREEZE,33,0.0,0.0,39.39393939393939,66.66666666666666
1992-01-01,1996-12-31,LABOUR_SHOCK,26,0.0,0.0,0.0,100.0
1992-01-01,1996-12-31,DEPRESSION_WATCH,46,0.0,0.0,0.0,100.0
1993-01-01,1997-12-31,FLASH_MOVE,367,0.0,0.0,17.43869209809264,87.73841961852861
1993-01-01,1997-12-31,SUGAR_CRASH,95,0.0,0.0,13.684210526315791,91.57894736842105
1993-01-01,1997-12-31,EM_CURRENCY_STRESS,101,0.0,0.0,9.900990099009901,95.04950495049505
1993-01-01,1997-12-31,TEMPORAL_CRISIS,44,0.0,0.0,100.0,22.727272727272727
1993-01-01,1997-12-31,BOND_FREEZE,33,0.0,0.0,39.39393939393939,66.66666666666666
1993-01-01,1997-12-31,LABOUR_SHOCK,26,0.0,0.0,0.0,100.0
1993-01-01,1997-12-31,DEPRESSION_WATCH,46,0.0,0.0,0.0,100.0
1994-01-01,1998-12-31,EM_CURRENCY_STRESS,101,0.0,0.0,9.900990099009901,95.04950495049505
1994-01-01,1998-12-31,FLASH_MOVE,405,0.0,0.0,20.0,93.33333333333333
1994-01-01,1998-12-31,TEMPORAL_CRISIS,44,0.0,0.0,100.0,22.727272727272727
1994-01-01,1998-12-31,SUGAR_CRASH,83,0.0,0.0,9.63855421686747,95.18072289156626
1994-01-01,1998-12-31,BOND_FREEZE,33,0.0,0.0,39.39393939393939,66.66666666666666
1994-01-01,1998-12-31,LABOUR_SHOCK,39,0.0,0.0,33.33333333333333,100.0
1994-01-01,1998-12-31,DEPRESSION_WATCH,46,0.0,0.0,0.0,100.0
1994-01-01,1998-12-31,SOLVENCY_DEATH,87,0.0,0.0,0.0,100.0
1995-01-01,1999-12-31,FLASH_MOVE,403,0.0,0.0,13.399503722084367,99.50372208436724
1995-01-01,1999-12-31,SUGAR_CRASH,74,0.0,0.0,0.0,100.0
1995-01-01,1999-12-31,LABOUR_SHOCK,39,0.0,0.0,33.33333333333333,100.0
1995-01-01,1999-12-31,DEPRESSION_WATCH,46,0.0,0.0,0.0,100.0
1995-01-01,1999-12-31,EM_CURRENCY_STRESS,123,0.0,0.0,16.260162601626014,95.1219512195122
1995-01-01,1999-12-31,BOND_FREEZE,22,0.0,0.0,27.27272727272727,100.0
1995-01-01,1999-12-31,SOLVENCY_DEATH,191,0.0,0.0,5.2356020942408374,99.47643979057592
1996-01-01,2000-12-31,FLASH_MOVE,431,13.921113689095128,14.153132250580047,25.05800464037123,80.2784222737819
1996-01-01,2000-12-31,SUGAR_CRASH,1,0.0,0.0,0.0,100.0
1996-01-01,2000-12-31,EM_CURRENCY_STRESS,181,15.469613259668508,12.154696132596685,15.469613259668508,69.61325966850829
1996-01-01,2000-12-31,BOND_FREEZE,27,0.0,0.0,29.629629629629626,92.5925925925926
1996-01-01,2000-12-31,LABOUR_SHOCK,20,35.0,35.0,100.0,65.0
1996-01-01,2000-12-31,SOLVENCY_DEATH,407,46.43734643734644,46.928746928746925,43.980343980343974,47.420147420147416
1997-01-01,2001-12-31,EM_CURRENCY_STRESS,139,20.14388489208633,17.985611510791365,20.863309352517987,58.27338129496403
1997-01-01,2001-12-31,FLASH_MOVE,446,19.506726457399104,32.73542600896861,36.09865470852018,62.10762331838565
1997-01-01,2001-12-31,LABOUR_SHOCK,49,20.408163265306122,73.46938775510205,55.10204081632652,26.53061224489796
1997-01-01,2001-12-31,SOLVENCY_DEATH,662,41.389728096676734,64.35045317220543,53.776435045317214,31.570996978851962
1997-01-01,2001-12-31,BOND_FREEZE,15,0.0,0.0,53.333333333333336,86.66666666666667
1998-01-01,2002-12-31,FLASH_MOVE,475,19.36842105263158,30.736842105263158,47.578947368421055,53.26315789473684
1998-01-01,2002-12-31,LABOUR_SHOCK,49,20.408163265306122,73.46938775510205,55.10204081632652,26.53061224489796
1998-01-01,2002-12-31,SOLVENCY_DEATH,919,32.53536452665941,46.354733405875955,60.17410228509249,34.05875952121872
1998-01-01,2002-12-31,EM_CURRENCY_STRESS,94,29.78723404255319,26.595744680851062,34.04255319148936,35.1063829787234
1998-01-01,2002-12-31,BOND_FREEZE,15,0.0,0.0,53.333333333333336,86.66666666666667
1998-01-01,2002-12-31,WAR_PROTOCOL,1,0.0,0.0,0.0,100.0
1998-01-01,2002-12-31,TEMPORAL_CRISIS,2,0.0,0.0,0.0,100.0
1999-01-01,2003-12-31,SOLVENCY_DEATH,1031,29.000969932104752,41.31910766246363,53.83123181377304,41.22211445198836
1999-01-01,2003-12-31,FLASH_MOVE,429,21.445221445221446,34.032634032634036,45.45454545454545,48.25174825174825
1999-01-01,2003-12-31,EM_CURRENCY_STRESS,94,29.78723404255319,26.595744680851062,34.04255319148936,35.1063829787234
1999-01-01,2003-12-31,BOND_FREEZE,17,0.0,0.0,47.05882352941176,88.23529411764706
1999-01-01,2003-12-31,LABOUR_SHOCK,36,27.77777777777778,100.0,38.88888888888889,0.0
1999-01-01,2003-12-31,WAR_PROTOCOL,2,0.0,0.0,0.0,100.0
1999-01-01,2003-12-31,TEMPORAL_CRISIS,37,0.0,0.0,5.405405405405405,100.0
2000-01-01,2004-12-31,FLASH_MOVE,412,22.330097087378643,35.43689320388349,53.15533980582524,44.417475728155345
2000-01-01,2004-12-31,BOND_FREEZE,8,0.0,0.0,25.0,75.0
2000-01-01,2004-12-31,EM_CURRENCY_STRESS,64,43.75,39.0625,21.875,14.0625
2000-01-01,2004-12-31,SOLVENCY_DEATH,927,32.25458468176915,45.9546925566343,58.791801510248106,34.735706580366774
2000-01-01,2004-12-31,LABOUR_SHOCK,36,27.77777777777778,100.0,38.88888888888889,0.0
2000-01-01,2004-12-31,WAR_PROTOCOL,6,0.0,0.0,0.0,100.0
2000-01-01,2004-12-31,TEMPORAL_CRISIS,37,0.0,0.0,5.405405405405405,100.0
2000-01-01,2004-12-31,SUGAR_CRASH,10,0.0,0.0,90.0,90.0
2001-01-01,2005-12-31,SOLVENCY_DEATH,711,15.471167369901547,33.0520393811533,52.883263009845294,44.86638537271448
2001-01-01,2005-12-31,LABOUR_SHOCK,44,6.8181818181818175,65.9090909090909,15.909090909090908,34.090909090909086
2001-01-01,2005-12-31,FLASH_MOVE,396,8.080808080808081,21.464646464646464,43.686868686868685,62.878787878787875
2001-01-01,2005-12-31,EM_CURRENCY_STRESS,41,0.0,7.317073170731707,14.634146341463413,85.36585365853658
2001-01-01,2005-12-31,WAR_PROTOCOL,7,0.0,0.0,0.0,100.0
2001-01-01,2005-12-31,TEMPORAL_CRISIS,91,0.0,0.0,2.197802197802198,100.0
2001-01-01,2005-12-31,BOND_FREEZE,6,0.0,0.0,0.0,100.0
2001-01-01,2005-12-31,SUGAR_CRASH,34,0.0,0.0,41.17647058823529,97.05882352941177
2002-01-01,2006-12-31,SOLVENCY_DEATH,456,5.482456140350877,0.0,43.640350877192986,66.44736842105263
2002-01-01,2006-12-31,FLASH_MOVE,371,1.3477088948787064,0.0,35.84905660377358,83.01886792452831
2002-01-01,2006-12-31,EM_CURRENCY_STRESS,38,0.0,0.0,7.894736842105263,92.10526315789474
2002-01-01,2006-12-31,WAR_PROTOCOL,8,0.0,0.0,0.0,100.0
2002-01-01,2006-12-31,TEMPORAL_CRISIS,95,0.0,0.0,3.1578947368421053,100.0
2002-01-01,2006-12-31,BOND_FREEZE,24,0.0,0.0,33.33333333333333,100.0
2002-01-01,2006-12-31,SUGAR_CRASH,75,0.0,0.0,29.333333333333332,98.66666666666667
2002-01-01,2006-12-31,LABOUR_SHOCK,15,0.0,0.0,0.0,100.0
2003-01-01,2007-12-31,SOLVENCY_DEATH,233,14.592274678111588,14.592274678111588,15.450643776824036,85.40772532188842
2003-01-01,2007-12-31,FLASH_MOVE,385,21.818181818181817,29.35064935064935,33.246753246753244,74.8051948051948
2003-01-01,2007-12-31,TEMPORAL_CRISIS,111,16.216216216216218,16.216216216216218,18.91891891891892,83.78378378378379
2003-01-01,2007-12-31,WAR_PROTOCOL,9,22.22222222222222,22.22222222222222,22.22222222222222,77.77777777777779
2003-01-01,2007-12-31,BOND_FREEZE,30,20.0,20.0,40.0,80.0
2003-01-01,2007-12-31,SUGAR_CRASH,91,5.4945054945054945,17.582417582417584,28.57142857142857,92.3076923076923
2003-01-01,2007-12-31,EM_CURRENCY_STRESS,35,0.0,0.0,0.0,100.0
2003-01-01,2007-12-31,LABOUR_SHOCK,15,0.0,0.0,0.0,100.0
2003-01-01,2007-12-31,HOUSING_BUST,182,85.71428571428571,100.0,62.08791208791209,12.637362637362637
2003-01-01,2007-12-31,BUY_WPM_NOW,1,0.0,100.0,0.0,100.0
2004-01-01,2008-12-31,FLASH_MOVE,448,26.785714285714285,51.5625,50.66964285714286,60.26785714285714
2004-01-01,2008-12-31,WAR_PROTOCOL,13,15.384615384615385,53.84615384615385,53.84615384615385,46.15384615384615
2004-01-01,2008-12-31,BOND_FREEZE,28,21.428571428571427,21.428571428571427,42.857142857142854,78.57142857142857
2004-01-01,2008-12-31,SUGAR_CRASH,91,5.4945054945054945,17.582417582417584,28.57142857142857,92.3076923076923
2004-01-01,2008-12-31,EM_CURRENCY_STRESS,44,0.0,20.454545454545457,20.454545454545457,86.36363636363636
2004-01-01,2008-12-31,TEMPORAL_CRISIS,109,16.51376146788991,46.788990825688074,47.706422018348626,53.21100917431193
2004-01-01,2008-12-31,LABOUR_SHOCK,48,10.416666666666668,68.75,64.58333333333334,35.41666666666667
2004-01-01,2008-12-31,HOUSING_BUST,271,63.837638376383765,100.0,74.53874538745387,11.808118081180812
2004-01-01,2008-12-31,BUY_WPM_NOW,4,25.0,100.0,75.0,50.0
2004-01-01,2008-12-31,SOLVENCY_DEATH,287,52.961672473867594,100.0,89.89547038327527,16.376306620209057
2005-01-01,2009-12-31,FLASH_MOVE,467,25.69593147751606,62.526766595289075,40.471092077087796,62.31263383297645
2005-01-01,2009-12-31,SUGAR_CRASH,81,6.172839506172839,19.753086419753085,20.98765432098765,92.5925925925926
2005-01-01,2009-12-31,EM_CURRENCY_STRESS,44,0.0,20.454545454545457,20.454545454545457,86.36363636363636
2005-01-01,2009-12-31,TEMPORAL_CRISIS,109,16.51376146788991,46.788990825688074,47.706422018348626,53.21100917431193
2005-01-01,2009-12-31,WAR_PROTOCOL,9,22.22222222222222,77.77777777777779,77.77777777777779,22.22222222222222
2005-01-01,2009-12-31,LABOUR_SHOCK,48,10.416666666666668,68.75,64.58333333333334,35.41666666666667
2005-01-01,2009-12-31,BOND_FREEZE,27,22.22222222222222,22.22222222222222,44.44444444444444,77.77777777777779
2005-01-01,2009-12-31,HOUSING_BUST,271,63.837638376383765,100.0,74.53874538745387,11.808118081180812
2005-01-01,2009-12-31,BUY_WPM_NOW,4,25.0,100.0,75.0,50.0
2005-01-01,2009-12-31,SOLVENCY_DEATH,539,28.200371057513912,76.25231910946196,48.97959183673469,48.42300556586271
2006-01-01,2010-12-31,FLASH_MOVE,480,25.0,60.83333333333333,42.5,61.04166666666667
2006-01-01,2010-12-31,TEMPORAL_CRISIS,55,32.72727272727273,92.72727272727272,94.54545454545455,7.2727272727272725
2006-01-01,2010-12-31,SUGAR_CRASH,57,8.771929824561402,28.07017543859649,21.052631578947366,89.47368421052632
2006-01-01,2010-12-31,BOND_FREEZE,24,25.0,25.0,50.0,75.0
2006-01-01,2010-12-31,WAR_PROTOCOL,8,25.0,87.5,87.5,12.5
2006-01-01,2010-12-31,HOUSING_BUST,271,63.837638376383765,100.0,74.53874538745387,11.808118081180812
2006-01-01,2010-12-31,BUY_WPM_NOW,4,25.0,100.0,75.0,50.0
2006-01-01,2010-12-31,SOLVENCY_DEATH,791,19.216182048040455,51.959544879898864,43.742098609355246,60.80910240202275
2006-01-01,2010-12-31,LABOUR_SHOCK,33,15.151515151515152,100.0,93.93939393939394,6.0606060606060606
2006-01-01,2010-12-31,EM_CURRENCY_STRESS,12,0.0,75.0,100.0,50.0
2007-01-01,2011-12-31,HOUSING_BUST,271,63.837638376383765,100.0,74.53874538745387,11.808118081180812
2007-01-01,2011-12-31,FLASH_MOVE,535,22.429906542056074,54.57943925233645,43.55140186915888,58.3177570093458
2007-01-01,2011-12-31,SUGAR_CRASH,16,31.25,100.0,25.0,62.5
2007-01-01,2011-12-31,BOND_FREEZE,6,100.0,100.0,66.66666666666666,0.0
2007-01-01,2011-12-31,BUY_WPM_NOW,4,25.0,100.0,75.0,50.0
2007-01-01,2011-12-31,WAR_PROTOCOL,7,28.57142857142857,100.0,100.0,0.0
2007-01-01,2011-12-31,SOLVENCY_DEATH,960,15.833333333333332,42.8125,40.833333333333336,65.625
2007-01-01,2011-12-31,TEMPORAL_CRISIS,51,35.294117647058826,100.0,100.0,0.0
2007-01-01,2011-12-31,LABOUR_SHOCK,33,15.151515151515152,100.0,93.93939393939394,6.0606060606060606
2007-01-01,2011-12-31,EM_CURRENCY_STRESS,12,0.0,75.0,100.0,50.0
2008-01-01,2012-12-31,SOLVENCY_DEATH,1176,10.034013605442176,32.0578231292517,34.01360544217687,74.48979591836735
2008-01-01,2012-12-31,HOUSING_BUST,89,19.101123595505616,100.0,100.0,10.112359550561797
2008-01-01,2012-12-31,LABOUR_SHOCK,38,13.157894736842104,86.8421052631579,81.57894736842105,18.421052631578945
2008-01-01,2012-12-31,FLASH_MOVE,518,6.94980694980695,34.55598455598455,35.714285714285715,73.55212355212355
2008-01-01,2012-12-31,BUY_WPM_NOW,3,33.33333333333333,100.0,100.0,33.33333333333333
2008-01-01,2012-12-31,WAR_PROTOCOL,5,0.0,100.0,100.0,0.0
2008-01-01,2012-12-31,TEMPORAL_CRISIS,33,0.0,100.0,100.0,0.0
2008-01-01,2012-12-31,EM_CURRENCY_STRESS,12,0.0,75.0,100.0,50.0
2009-01-01,2013-12-31,SOLVENCY_DEATH,946,0.0,13.107822410147993,18.6046511627907,90.06342494714588
2009-01-01,2013-12-31,FLASH_MOVE,488,0.0,12.5,17.418032786885245,88.52459016393442
2009-01-01,2013-12-31,EM_CURRENCY_STRESS,21,0.0,0.0,14.285714285714285,100.0
2009-01-01,2013-12-31,LABOUR_SHOCK,5,0.0,0.0,0.0,100.0
2009-01-01,2013-12-31,SUGAR_CRASH,37,0.0,0.0,0.0,100.0
2009-01-01,2013-12-31,COMBO_CRISIS,1,0.0,0.0,0.0,100.0
2009-01-01,2013-12-31,TEMPORAL_CRISIS,60,0.0,0.0,0.0,100.0
2009-01-01,2013-12-31,BUY_WPM_NOW,3,0.0,0.0,0.0,33.33333333333333
2009-01-01,2013-12-31,BOND_FREEZE,21,0.0,0.0,0.0,100.0
2009-01-01,2013-12-31,WAR_PROTOCOL,3,0.0,0.0,0.0,100.0
2010-01-01,2014-12-31,SOLVENCY_DEATH,706,0.0,0.0,24.07932011331445,92.06798866855524
2010-01-01,2014-12-31,FLASH_MOVE,501,0.0,0.0,17.964071856287426,90.01996007984032
2010-01-01,2014-12-31,EM_CURRENCY_STRESS,21,0.0,0.0,14.285714285714285,100.0
2010-01-01,2014-12-31,LABOUR_SHOCK,5,0.0,0.0,0.0,100.0
2010-01-01,2014-12-31,SUGAR_CRASH,70,0.0,0.0,12.857142857142856,100.0
2010-01-01,2014-12-31,COMBO_CRISIS,1,0.0,0.0,0.0,100.0
2010-01-01,2014-12-31,TEMPORAL_CRISIS,60,0.0,0.0,0.0,100.0
2010-01-01,2014-12-31,BUY_WPM_NOW,3,0.0,0.0,0.0,33.33333333333333
2010-01-01,2014-12-31,BOND_FREEZE,21,0.0,0.0,0.0,100.0
2010-01-01,2014-12-31,WAR_PROTOCOL,3,0.0,0.0,0.0,100.0
2010-01-01,2014-12-31,BUY_BTC_NOW,3,0.0,0.0,100.0,0.0
2011-01-01,2015-12-31,SOLVENCY_DEATH,652,0.0,0.0,28.680981595092025,85.42944785276073
2011-01-01,2015-12-31,FLASH_MOVE,586,0.0,0.0,25.7679180887372,78.49829351535837
2011-01-01,2015-12-31,LABOUR_SHOCK,5,0.0,0.0,0.0,100.0
2011-01-01,2015-12-31,SUGAR_CRASH,84,0.0,0.0,26.190476190476193,83.33333333333334
2011-01-01,2015-12-31,COMBO_CRISIS,1,0.0,0.0,0.0,100.0
2011-01-01,2015-12-31,EM_CURRENCY_STRESS,36,0.0,0.0,50.0,61.111111111111114
2011-01-01,2015-12-31,TEMPORAL_CRISIS,60,0.0,0.0,0.0,100.0
2011-01-01,2015-12-31,BUY_WPM_NOW,5,0.0,0.0,40.0,20.0
2011-01-01,2015-12-31,BOND_FREEZE,22,0.0,0.0,4.545454545454546,95.45454545454545
2011-01-01,2015-12-31,WAR_PROTOCOL,3,0.0,0.0,0.0,100.0
2011-01-01,2015-12-31,BUY_BTC_NOW,9,0.0,0.0,44.44444444444444,44.44444444444444
2012-01-01,2016-12-31,SOLVENCY_DEATH,758,0.0,0.0,24.142480211081793,90.10554089709763
2012-01-01,2016-12-31,FLASH_MOVE,594,0.0,0.0,19.36026936026936,84.84848484848484
2012-01-01,2016-12-31,LABOUR_SHOCK,5,0.0,0.0,0.0,100.0
2012-01-01,2016-12-31,SUGAR_CRASH,108,0.0,0.0,30.555555555555557,87.03703703703704
2012-01-01,2016-12-31,COMBO_CRISIS,12,0.0,0.0,91.66666666666666,100.0
2012-01-01,2016-12-31,EM_CURRENCY_STRESS,99,0.0,0.0,18.181818181818183,85.85858585858585
2012-01-01,2016-12-31,TEMPORAL_CRISIS,100,0.0,0.0,0.0,100.0
2012-01-01,2016-12-31,BUY_WPM_NOW,8,0.0,0.0,25.0,37.5
2012-01-01,2016-12-31,BOND_FREEZE,53,0.0,0.0,1.8867924528301887,98.11320754716981
2012-01-01,2016-12-31,WAR_PROTOCOL,3,0.0,0.0,0.0,100.0
2012-01-01,2016-12-31,BUY_BTC_NOW,16,0.0,0.0,31.25,68.75
2013-01-01,2017-12-31,SOLVENCY_DEATH,508,0.0,0.0,27.755905511811026,86.0236220472441
2013-01-01,2017-12-31,FLASH_MOVE,651,0.0,0.0,16.897081413210447,86.32872503840245
2013-01-01,2017-12-31,SUGAR_CRASH,194,0.0,0.0,17.010309278350515,92.78350515463917
2013-01-01,2017-12-31,COMBO_CRISIS,12,0.0,0.0,91.66666666666666,100.0
2013-01-01,2017-12-31,EM_CURRENCY_STRESS,100,0.0,0.0,18.0,86.0
2013-01-01,2017-12-31,TEMPORAL_CRISIS,133,0.0,0.0,0.0,100.0
2013-01-01,2017-12-31,BUY_WPM_NOW,8,0.0,0.0,25.0,37.5
2013-01-01,2017-12-31,BOND_FREEZE,59,0.0,0.0,8.47457627118644,98.30508474576271
2013-01-01,2017-12-31,WAR_PROTOCOL,3,0.0,0.0,0.0,100.0
2013-01-01,2017-12-31,BUY_BTC_NOW,20,0.0,0.0,25.0,75.0
2013-01-01,2017-12-31,LABOUR_SHOCK,12,0.0,0.0,0.0,100.0
2013-01-01,2017-12-31,DEPRESSION_WATCH,41,0.0,0.0,0.0,100.0
2014-01-01,2018-12-31,FLASH_MOVE,726,0.0,0.0,24.931129476584022,80.16528925619835
2014-01-01,2018-12-31,SUGAR_CRASH,205,0.0,0.0,33.65853658536586,76.09756097560975
2014-01-01,2018-12-31,BUY_BTC_NOW,32,0.0,0.0,43.75,50.0
2014-01-01,2018-12-31,SOLVENCY_DEATH,495,0.0,0.0,28.484848484848484,85.65656565656565
2014-01-01,2018-12-31,BUY_WPM_NOW,6,0.0,0.0,50.0,50.0
2014-01-01,2018-12-31,BOND_FREEZE,80,0.0,0.0,50.0,73.75
2014-01-01,2018-12-31,EM_CURRENCY_STRESS,153,0.0,0.0,39.869281045751634,66.01307189542483
2014-01-01,2018-12-31,COMBO_CRISIS,11,0.0,0.0,100.0,100.0
2014-01-01,2018-12-31,TEMPORAL_CRISIS,204,0.0,0.0,42.64705882352941,45.588235294117645
2014-01-01,2018-12-31,LABOUR_SHOCK,12,0.0,0.0,0.0,100.0
2014-01-01,2018-12-31,DEPRESSION_WATCH,41,0.0,0.0,0.0,100.0
2014-01-01,2018-12-31,INTERBANK_STRESS,16,0.0,0.0,0.0,68.75
2014-01-01,2018-12-31,DEPRESSION_ALERT,62,0.0,0.0,32.25806451612903,9.67741935483871
2015-01-01,2019-12-31,SOLVENCY_DEATH,489,0.0,0.0,28.834355828220858,85.48057259713701
2015-01-01,2019-12-31,FLASH_MOVE,765,15.163398692810457,16.209150326797385,26.535947712418302,76.20915032679738
2015-01-01,2019-12-31,BUY_BTC_NOW,36,11.11111111111111,13.88888888888889,41.66666666666667,52.77777777777778
2015-01-01,2019-12-31,BUY_WPM_NOW,6,0.0,0.0,50.0,50.0
2015-01-01,2019-12-31,SUGAR_CRASH,227,22.90748898678414,24.229074889867842,36.12334801762114,65.63876651982379
2015-01-01,2019-12-31,BOND_FREEZE,80,0.0,0.0,50.0,73.75
2015-01-01,2019-12-31,EM_CURRENCY_STRESS,153,0.0,0.0,39.869281045751634,66.01307189542483
2015-01-01,2019-12-31,COMBO_CRISIS,11,0.0,0.0,100.0,100.0
2015-01-01,2019-12-31,TEMPORAL_CRISIS,204,0.0,0.0,42.64705882352941,45.588235294117645
2015-01-01,2019-12-31,LABOUR_SHOCK,19,36.84210526315789,36.84210526315789,36.84210526315789,63.1578947368421
2015-01-01,2019-12-31,DEPRESSION_WATCH,53,22.641509433962266,22.641509433962266,22.641509433962266,77.35849056603774
2015-01-01,2019-12-31,INTERBANK_STRESS,39,46.15384615384615,46.15384615384615,15.384615384615385,69.23076923076923
2015-01-01,2019-12-31,DEPRESSION_ALERT,228,70.17543859649122,72.80701754385966,21.49122807017544,59.210526315789465
2016-01-01,2020-12-31,SOLVENCY_DEATH,505,2.376237623762376,11.08910891089109,8.91089108910891,100.0
2016-01-01,2020-12-31,FLASH_MOVE,762,20.078740157480315,25.45931758530184,18.89763779527559,85.8267716535433
2016-01-01,2020-12-31,BUY_WPM_NOW,5,0.0,0.0,40.0,60.0
2016-01-01,2020-12-31,BUY_BTC_NOW,34,14.705882352941178,17.647058823529413,41.17647058823529,55.88235294117647
2016-01-01,2020-12-31,SUGAR_CRASH,222,27.47747747747748,28.82882882882883,35.13513513513514,67.11711711711712
2016-01-01,2020-12-31,COMBO_CRISIS,11,0.0,0.0,100.0,100.0
2016-01-01,2020-12-31,EM_CURRENCY_STRESS,135,0.0,0.0,31.851851851851855,71.85185185185186
2016-01-01,2020-12-31,BOND_FREEZE,83,0.0,0.0,46.98795180722892,75.90361445783132
2016-01-01,2020-12-31,TEMPORAL_CRISIS,204,0.0,0.0,42.64705882352941,45.588235294117645
2016-01-01,2020-12-31,LABOUR_SHOCK,52,13.461538461538462,76.92307692307693,13.461538461538462,86.53846153846155
2016-01-01,2020-12-31,DEPRESSION_WATCH,77,46.75324675324675,46.75324675324675,46.75324675324675,53.246753246753244
2016-01-01,2020-12-31,INTERBANK_STRESS,41,48.78048780487805,48.78048780487805,17.073170731707318,70.73170731707317
2016-01-01,2020-12-31,DEPRESSION_ALERT,228,70.17543859649122,72.80701754385966,21.49122807017544,59.210526315789465
2017-01-01,2021-12-31,TEMPORAL_CRISIS,164,0.0,0.0,53.04878048780488,32.31707317073171
2017-01-01,2021-12-31,EM_CURRENCY_STRESS,117,0.0,0.0,58.119658119658126,46.15384615384615
2017-01-01,2021-12-31,FLASH_MOVE,795,19.245283018867926,24.40251572327044,21.0062893081761,80.75471698113208
2017-01-01,2021-12-31,SUGAR_CRASH,198,30.808080808080806,32.323232323232325,33.83838383838384,63.13131313131313
2017-01-01,2021-12-31,BUY_BTC_NOW,32,15.625,18.75,46.875,50.0
2017-01-01,2021-12-31,LABOUR_SHOCK,52,13.461538461538462,76.92307692307693,13.461538461538462,86.53846153846155
2017-01-01,2021-12-31,DEPRESSION_WATCH,77,46.75324675324675,46.75324675324675,46.75324675324675,53.246753246753244
2017-01-01,2021-12-31,BOND_FREEZE,102,0.0,0.0,38.23529411764706,80.3921568627451
2017-01-01,2021-12-31,INTERBANK_STRESS,41,48.78048780487805,48.78048780487805,17.073170731707318,70.73170731707317
2017-01-01,2021-12-31,DEPRESSION_ALERT,228,70.17543859649122,72.80701754385966,21.49122807017544,59.210526315789465
2017-01-01,2021-12-31,BUY_WPM_NOW,3,0.0,0.0,100.0,66.66666666666666
2017-01-01,2021-12-31,SOLVENCY_DEATH,230,5.217391304347826,24.347826086956523,1.3043478260869565,100.0
2018-01-01,2022-12-31,SUGAR_CRASH,112,54.46428571428571,57.14285714285714,59.82142857142857,34.82142857142857
2018-01-01,2022-12-31,FLASH_MOVE,772,19.818652849740932,25.129533678756477,32.512953367875646,69.30051813471503
2018-01-01,2022-12-31,BOND_FREEZE,162,0.0,0.0,52.46913580246913,56.17283950617284
2018-01-01,2022-12-31,BUY_BTC_NOW,38,13.157894736842104,15.789473684210526,55.26315789473685,47.368421052631575
2018-01-01,2022-12-31,INTERBANK_STRESS,41,48.78048780487805,48.78048780487805,17.073170731707318,70.73170731707317
2018-01-01,2022-12-31,EM_CURRENCY_STRESS,294,0.0,0.0,61.904761904761905,42.857142857142854
2018-01-01,2022-12-31,TEMPORAL_CRISIS,131,0.0,0.0,66.41221374045801,15.267175572519085
2018-01-01,2022-12-31,DEPRESSION_ALERT,228,70.17543859649122,72.80701754385966,21.49122807017544,59.210526315789465
2018-01-01,2022-12-31,BUY_WPM_NOW,3,0.0,0.0,100.0,66.66666666666666
2018-01-01,2022-12-31,SOLVENCY_DEATH,286,4.195804195804196,19.58041958041958,10.48951048951049,96.5034965034965
2018-01-01,2022-12-31,LABOUR_SHOCK,40,17.5,100.0,17.5,82.5
2018-01-01,2022-12-31,DEPRESSION_WATCH,36,100.0,100.0,100.0,0.0
2018-01-01,2022-12-31,WAR_PROTOCOL,7,0.0,0.0,100.0,0.0
2019-01-01,2023-12-31,SOLVENCY_DEATH,282,4.25531914893617,19.858156028368796,10.638297872340425,96.45390070921985
2019-01-01,2023-12-31,INTERBANK_STRESS,25,80.0,80.0,28.000000000000004,72.0
2019-01-01,2023-12-31,FLASH_MOVE,709,21.57968970380818,27.362482369534558,26.939351198871652,74.18899858956276
2019-01-01,2023-12-31,BUY_BTC_NOW,32,15.625,18.75,40.625,71.875
2019-01-01,2023-12-31,SUGAR_CRASH,84,72.61904761904762,76.19047619047619,36.904761904761905,54.761904761904766
2019-01-01,2023-12-31,DEPRESSION_ALERT,166,96.3855421686747,100.0,17.46987951807229,77.71084337349397
2019-01-01,2023-12-31,LABOUR_SHOCK,62,11.29032258064516,64.51612903225806,27.419354838709676,88.70967741935483
2019-01-01,2023-12-31,DEPRESSION_WATCH,36,100.0,100.0,100.0,0.0
2019-01-01,2023-12-31,BUY_WPM_NOW,2,0.0,0.0,100.0,50.0
2019-01-01,2023-12-31,BOND_FREEZE,149,0.0,0.0,35.57046979865772,65.77181208053692
2019-01-01,2023-12-31,EM_CURRENCY_STRESS,271,0.0,0.0,51.291512915129154,52.02952029520295
2019-01-01,2023-12-31,WAR_PROTOCOL,8,0.0,0.0,87.5,12.5
2019-01-01,2023-12-31,TEMPORAL_CRISIS,9,0.0,0.0,0.0,100.0
2020-01-01,2024-12-31,DEPRESSION_WATCH,62,38.70967741935484,38.70967741935484,38.70967741935484,61.29032258064516
2020-01-01,2024-12-31,SUGAR_CRASH,63,14.285714285714285,14.285714285714285,19.047619047619047,80.95238095238095
2020-01-01,2024-12-31,FLASH_MOVE,670,5.522388059701493,10.44776119402985,25.970149253731346,74.32835820895522
2020-01-01,2024-12-31,SOLVENCY_DEATH,276,4.3478260869565215,20.28985507246377,10.869565217391305,96.37681159420289
2020-01-01,2024-12-31,INTERBANK_STRESS,9,22.22222222222222,22.22222222222222,66.66666666666666,77.77777777777779
2020-01-01,2024-12-31,BUY_BTC_NOW,31,3.225806451612903,3.225806451612903,38.70967741935484,80.64516129032258
2020-01-01,2024-12-31,LABOUR_SHOCK,64,0.0,51.5625,15.625,100.0
2020-01-01,2024-12-31,BUY_WPM_NOW,3,0.0,0.0,66.66666666666666,66.66666666666666
2020-01-01,2024-12-31,BOND_FREEZE,149,0.0,0.0,35.57046979865772,65.77181208053692
2020-01-01,2024-12-31,EM_CURRENCY_STRESS,307,0.0,0.0,52.44299674267101,51.465798045602604
2020-01-01,2024-12-31,WAR_PROTOCOL,8,0.0,0.0,87.5,12.5
2020-01-01,2024-12-31,TEMPORAL_CRISIS,34,0.0,0.0,73.52941176470588,58.82352941176471
2020-01-01,2024-12-31,DEPRESSION_ALERT,5,0.0,0.0,100.0,100.0
2021-01-01,2025-12-31,FLASH_MOVE,508,0.0,0.0,30.708661417322837,68.89763779527559
2021-01-01,2025-12-31,BOND_FREEZE,150,0.0,0.0,38.666666666666664,66.0
2021-01-01,2025-12-31,BUY_BTC_NOW,28,0.0,0.0,46.42857142857143,78.57142857142857
2021-01-01,2025-12-31,BUY_WPM_NOW,2,0.0,0.0,50.0,100.0
2021-01-01,2025-12-31,EM_CURRENCY_STRESS,327,0.0,0.0,55.35168195718655,54.43425076452599
2021-01-01,2025-12-31,WAR_PROTOCOL,8,0.0,0.0,87.5,12.5
2021-01-01,2025-12-31,SOLVENCY_DEATH,62,0.0,0.0,43.54838709677419,83.87096774193549
2021-01-01,2025-12-31,LABOUR_SHOCK,31,0.0,0.0,32.25806451612903,100.0
2021-01-01,2025-12-31,SUGAR_CRASH,54,0.0,0.0,5.555555555555555,94.44444444444444
2021-01-01,2025-12-31,TEMPORAL_CRISIS,41,0.0,0.0,78.04878048780488,65.85365853658537
2021-01-01,2025-12-31,DEPRESSION_WATCH,38,0.0,0.0,0.0,100.0
2021-01-01,2025-12-31,INTERBANK_STRESS,8,0.0,0.0,75.0,75.0
2021-01-01,2025-12-31,DEPRESSION_ALERT,12,0.0,0.0,100.0,100.0
